,virtual-networks-id,virtual-links-id,virtual-links-source,virtual-links-target,substrate-links-id,bandwidth-demand,max-bandwidth-demand,mapping-algorithm,percentage-infra-resources
0,1,4611,4602,4603,4234,45.65,50,BFS-coordinated-VNE,5
1,1,4611,4602,4603,4276,45.65,50,BFS-coordinated-VNE,5
2,1,4611,4602,4603,4324,45.65,50,BFS-coordinated-VNE,5
3,1,4611,4602,4603,4331,45.65,50,BFS-coordinated-VNE,5
4,1,4611,4602,4603,4336,45.65,50,BFS-coordinated-VNE,5
5,1,4611,4602,4603,4341,45.65,50,BFS-coordinated-VNE,5
6,1,4612,4602,4606,4240,5.792,50,BFS-coordinated-VNE,5
7,1,4612,4602,4606,4245,5.792,50,BFS-coordinated-VNE,5
8,1,4612,4602,4606,4242,5.792,50,BFS-coordinated-VNE,5
9,1,4613,4603,4607,4338,24.058,50,BFS-coordinated-VNE,5
10,1,4614,4604,4605,4255,19.414,50,BFS-coordinated-VNE,5
11,1,4615,4604,4606,4247,24.026,50,BFS-coordinated-VNE,5
12,1,4615,4604,4606,4199,24.026,50,BFS-coordinated-VNE,5
13,1,4615,4604,4606,4159,24.026,50,BFS-coordinated-VNE,5
14,1,4615,4604,4606,4195,24.026,50,BFS-coordinated-VNE,5
15,1,4616,4604,4607,4296,20.477,50,BFS-coordinated-VNE,5
16,1,4616,4604,4607,4297,20.477,50,BFS-coordinated-VNE,5
17,1,4617,4604,4609,4296,34.023,50,BFS-coordinated-VNE,5
18,1,4617,4604,4609,4297,34.023,50,BFS-coordinated-VNE,5
19,1,4617,4604,4609,4292,34.023,50,BFS-coordinated-VNE,5
20,1,4617,4604,4609,4287,34.023,50,BFS-coordinated-VNE,5
21,1,4617,4604,4609,4280,34.023,50,BFS-coordinated-VNE,5
22,1,4617,4604,4609,4240,34.023,50,BFS-coordinated-VNE,5
23,1,4618,4605,4606,4252,18.027,50,BFS-coordinated-VNE,5
24,1,4618,4605,4606,4206,18.027,50,BFS-coordinated-VNE,5
25,1,4618,4605,4606,4199,18.027,50,BFS-coordinated-VNE,5
26,1,4618,4605,4606,4159,18.027,50,BFS-coordinated-VNE,5
27,1,4618,4605,4606,4195,18.027,50,BFS-coordinated-VNE,5
28,1,4619,4605,4610,4252,13.196,50,BFS-coordinated-VNE,5
29,1,4619,4605,4610,4206,13.196,50,BFS-coordinated-VNE,5
30,1,4619,4605,4610,4201,13.196,50,BFS-coordinated-VNE,5
31,1,4619,4605,4610,4243,13.196,50,BFS-coordinated-VNE,5
32,1,4620,4606,4604,4243,11.455,50,BFS-coordinated-VNE,5
33,1,4620,4606,4604,4250,11.455,50,BFS-coordinated-VNE,5
34,1,4621,4606,4607,4243,24.972,50,BFS-coordinated-VNE,5
35,1,4621,4606,4607,4291,24.972,50,BFS-coordinated-VNE,5
36,1,4622,4606,4608,4194,9.932,50,BFS-coordinated-VNE,5
37,1,4623,4606,4609,4243,41.855,50,BFS-coordinated-VNE,5
38,1,4623,4606,4609,4244,41.855,50,BFS-coordinated-VNE,5
39,1,4624,4607,4603,4298,19.021,50,BFS-coordinated-VNE,5
40,1,4624,4607,4603,4344,19.021,50,BFS-coordinated-VNE,5
41,1,4624,4607,4603,4345,19.021,50,BFS-coordinated-VNE,5
42,1,4625,4607,4605,4298,3.81,50,BFS-coordinated-VNE,5
43,1,4625,4607,4605,4303,3.81,50,BFS-coordinated-VNE,5
44,1,4625,4607,4605,4300,3.81,50,BFS-coordinated-VNE,5
45,1,4626,4607,4610,4290,18.651,50,BFS-coordinated-VNE,5
46,1,4627,4608,4602,4195,37.435,50,BFS-coordinated-VNE,5
47,1,4627,4608,4602,4243,37.435,50,BFS-coordinated-VNE,5
48,1,4627,4608,4602,4244,37.435,50,BFS-coordinated-VNE,5
49,1,4627,4608,4602,4239,37.435,50,BFS-coordinated-VNE,5
50,1,4628,4608,4605,4160,16.874,50,BFS-coordinated-VNE,5
51,1,4628,4608,4605,4163,16.874,50,BFS-coordinated-VNE,5
52,1,4628,4608,4605,4205,16.874,50,BFS-coordinated-VNE,5
53,1,4628,4608,4605,4253,16.874,50,BFS-coordinated-VNE,5
54,1,4629,4608,4606,4195,10.931,50,BFS-coordinated-VNE,5
55,1,4630,4609,4602,4239,39.197,50,BFS-coordinated-VNE,5
56,1,4631,4609,4603,4286,4.974,50,BFS-coordinated-VNE,5
57,1,4631,4609,4603,4334,4.974,50,BFS-coordinated-VNE,5
58,1,4631,4609,4603,4341,4.974,50,BFS-coordinated-VNE,5
59,1,4632,4609,4605,4245,18.464,50,BFS-coordinated-VNE,5
60,1,4632,4609,4605,4250,18.464,50,BFS-coordinated-VNE,5
61,1,4632,4609,4605,4255,18.464,50,BFS-coordinated-VNE,5
62,1,4633,4609,4606,4237,10.585,50,BFS-coordinated-VNE,5
63,1,4633,4609,4606,4197,10.585,50,BFS-coordinated-VNE,5
64,1,4634,4609,4607,4286,26.163,50,BFS-coordinated-VNE,5
65,1,4634,4609,4607,4293,26.163,50,BFS-coordinated-VNE,5
66,1,4635,4609,4610,4245,17.858,50,BFS-coordinated-VNE,5
67,1,4636,4610,4602,4244,11.43,50,BFS-coordinated-VNE,5
68,1,4636,4610,4602,4239,11.43,50,BFS-coordinated-VNE,5
69,1,4637,4610,4604,4250,49.1,50,BFS-coordinated-VNE,5
70,1,4638,4610,4605,4250,18.748,50,BFS-coordinated-VNE,5
71,1,4638,4610,4605,4255,18.748,50,BFS-coordinated-VNE,5
72,1,4639,4610,4606,4242,13.965,50,BFS-coordinated-VNE,5
73,1,4640,4610,4607,4291,32.369,50,BFS-coordinated-VNE,5
74,1,4641,4610,4609,4244,14.367,50,BFS-coordinated-VNE,5
75,2,4651,4642,4644,4287,12.621,50,BFS-coordinated-VNE,5
76,2,4651,4642,4644,4282,12.621,50,BFS-coordinated-VNE,5
77,2,4651,4642,4644,4275,12.621,50,BFS-coordinated-VNE,5
78,2,4652,4642,4646,4287,25.751,50,BFS-coordinated-VNE,5
79,2,4652,4642,4646,4280,25.751,50,BFS-coordinated-VNE,5
80,2,4653,4642,4647,4293,16.106,50,BFS-coordinated-VNE,5
81,2,4653,4642,4647,4298,16.106,50,BFS-coordinated-VNE,5
82,2,4653,4642,4647,4295,16.106,50,BFS-coordinated-VNE,5
83,2,4654,4642,4648,4285,10.939,50,BFS-coordinated-VNE,5
84,2,4654,4642,4648,4237,10.939,50,BFS-coordinated-VNE,5
85,2,4655,4642,4649,4293,19.716,50,BFS-coordinated-VNE,5
86,2,4655,4642,4649,4290,19.716,50,BFS-coordinated-VNE,5
87,2,4656,4643,4646,4233,40.895,50,BFS-coordinated-VNE,5
88,2,4657,4643,4647,4192,10.499,50,BFS-coordinated-VNE,5
89,2,4657,4643,4647,4197,10.499,50,BFS-coordinated-VNE,5
90,2,4657,4643,4647,4202,10.499,50,BFS-coordinated-VNE,5
91,2,4657,4643,4647,4248,10.499,50,BFS-coordinated-VNE,5
92,2,4658,4644,4642,4235,28.874,50,BFS-coordinated-VNE,5
93,2,4658,4644,4642,4240,28.874,50,BFS-coordinated-VNE,5
94,2,4658,4644,4642,4286,28.874,50,BFS-coordinated-VNE,5
95,2,4659,4644,4645,4235,21.343,50,BFS-coordinated-VNE,5
96,2,4659,4644,4645,4240,21.343,50,BFS-coordinated-VNE,5
97,2,4660,4644,4646,4235,34.44,50,BFS-coordinated-VNE,5
98,2,4661,4644,4647,4235,0.829,50,BFS-coordinated-VNE,5
99,2,4661,4644,4647,4240,0.829,50,BFS-coordinated-VNE,5
100,2,4661,4644,4647,4245,0.829,50,BFS-coordinated-VNE,5
101,2,4661,4644,4647,4250,0.829,50,BFS-coordinated-VNE,5
102,2,4662,4644,4648,4235,31.982,50,BFS-coordinated-VNE,5
103,2,4662,4644,4648,4240,31.982,50,BFS-coordinated-VNE,5
104,2,4662,4644,4648,4237,31.982,50,BFS-coordinated-VNE,5
105,2,4663,4645,4642,4286,43.786,50,BFS-coordinated-VNE,5
106,2,4664,4645,4644,4239,46.167,50,BFS-coordinated-VNE,5
107,2,4664,4645,4644,4234,46.167,50,BFS-coordinated-VNE,5
108,2,4665,4645,4646,4239,19.155,50,BFS-coordinated-VNE,5
109,2,4666,4645,4647,4245,29.617,50,BFS-coordinated-VNE,5
110,2,4666,4645,4647,4250,29.617,50,BFS-coordinated-VNE,5
111,2,4667,4645,4648,4237,41.578,50,BFS-coordinated-VNE,5
112,2,4668,4645,4649,4245,1.87,50,BFS-coordinated-VNE,5
113,2,4669,4645,4650,4237,30.697,50,BFS-coordinated-VNE,5
114,2,4669,4645,4650,4197,30.697,50,BFS-coordinated-VNE,5
115,2,4670,4646,4642,4281,23.898,50,BFS-coordinated-VNE,5
116,2,4670,4646,4642,4288,23.898,50,BFS-coordinated-VNE,5
117,2,4671,4646,4644,4234,47.345,50,BFS-coordinated-VNE,5
118,2,4672,4646,4645,4240,4.404,50,BFS-coordinated-VNE,5
119,2,4673,4646,4648,4232,42.873,50,BFS-coordinated-VNE,5
120,2,4673,4646,4648,4192,42.873,50,BFS-coordinated-VNE,5
121,2,4674,4646,4649,4240,4.333,50,BFS-coordinated-VNE,5
122,2,4674,4646,4649,4245,4.333,50,BFS-coordinated-VNE,5
123,2,4675,4646,4650,4240,18.298,50,BFS-coordinated-VNE,5
124,2,4675,4646,4650,4245,18.298,50,BFS-coordinated-VNE,5
125,2,4675,4646,4650,4242,18.298,50,BFS-coordinated-VNE,5
126,2,4676,4647,4644,4249,43.867,50,BFS-coordinated-VNE,5
127,2,4676,4647,4644,4244,43.867,50,BFS-coordinated-VNE,5
128,2,4676,4647,4644,4239,43.867,50,BFS-coordinated-VNE,5
129,2,4676,4647,4644,4234,43.867,50,BFS-coordinated-VNE,5
130,2,4677,4648,4642,4238,44.564,50,BFS-coordinated-VNE,5
131,2,4677,4648,4642,4286,44.564,50,BFS-coordinated-VNE,5
132,2,4678,4648,4644,4191,42.164,50,BFS-coordinated-VNE,5
133,2,4678,4648,4644,4186,42.164,50,BFS-coordinated-VNE,5
134,2,4678,4648,4644,4228,42.164,50,BFS-coordinated-VNE,5
135,2,4679,4648,4645,4238,6.99,50,BFS-coordinated-VNE,5
136,2,4680,4648,4650,4197,17.806,50,BFS-coordinated-VNE,5
137,2,4681,4649,4642,4291,13.397,50,BFS-coordinated-VNE,5
138,2,4681,4649,4642,4292,13.397,50,BFS-coordinated-VNE,5
139,2,4682,4649,4645,4244,6.772,50,BFS-coordinated-VNE,5
140,2,4683,4649,4647,4250,10.942,50,BFS-coordinated-VNE,5
141,2,4684,4650,4642,4243,12.474,50,BFS-coordinated-VNE,5
142,2,4684,4650,4642,4244,12.474,50,BFS-coordinated-VNE,5
143,2,4684,4650,4642,4286,12.474,50,BFS-coordinated-VNE,5
144,2,4685,4650,4645,4243,25.369,50,BFS-coordinated-VNE,5
145,2,4685,4650,4645,4244,25.369,50,BFS-coordinated-VNE,5
146,2,4686,4650,4646,4196,37.449,50,BFS-coordinated-VNE,5
147,2,4686,4650,4646,4191,37.449,50,BFS-coordinated-VNE,5
148,2,4686,4650,4646,4233,37.449,50,BFS-coordinated-VNE,5
149,2,4687,4650,4648,4196,34.343,50,BFS-coordinated-VNE,5
150,3,4697,4688,4691,4511,14.389,50,BFS-coordinated-VNE,5
151,3,4697,4688,4691,4512,14.389,50,BFS-coordinated-VNE,5
152,3,4698,4688,4692,4511,17.265,50,BFS-coordinated-VNE,5
153,3,4698,4688,4692,4518,17.265,50,BFS-coordinated-VNE,5
154,3,4698,4688,4692,4523,17.265,50,BFS-coordinated-VNE,5
155,3,4699,4688,4695,4511,12.072,50,BFS-coordinated-VNE,5
156,3,4699,4688,4695,4559,12.072,50,BFS-coordinated-VNE,5
157,3,4700,4688,4696,4470,14.407,50,BFS-coordinated-VNE,5
158,3,4701,4689,4690,4468,45.182,50,BFS-coordinated-VNE,5
159,3,4701,4689,4690,4516,45.182,50,BFS-coordinated-VNE,5
160,3,4701,4689,4690,4564,45.182,50,BFS-coordinated-VNE,5
161,3,4702,4689,4691,4421,28.301,50,BFS-coordinated-VNE,5
162,3,4702,4689,4691,4463,28.301,50,BFS-coordinated-VNE,5
163,3,4702,4689,4691,4464,28.301,50,BFS-coordinated-VNE,5
164,3,4702,4689,4691,4508,28.301,50,BFS-coordinated-VNE,5
165,3,4703,4689,4693,4468,45.608,50,BFS-coordinated-VNE,5
166,3,4703,4689,4693,4516,45.608,50,BFS-coordinated-VNE,5
167,3,4703,4689,4693,4517,45.608,50,BFS-coordinated-VNE,5
168,3,4704,4689,4695,4468,46.85,50,BFS-coordinated-VNE,5
169,3,4704,4689,4695,4516,46.85,50,BFS-coordinated-VNE,5
170,3,4704,4689,4695,4517,46.85,50,BFS-coordinated-VNE,5
171,3,4704,4689,4695,4559,46.85,50,BFS-coordinated-VNE,5
172,3,4705,4689,4696,4468,38.937,50,BFS-coordinated-VNE,5
173,3,4706,4690,4688,4563,33.944,50,BFS-coordinated-VNE,5
174,3,4706,4690,4688,4517,33.944,50,BFS-coordinated-VNE,5
175,3,4706,4690,4688,4510,33.944,50,BFS-coordinated-VNE,5
176,3,4707,4690,4689,4563,17.681,50,BFS-coordinated-VNE,5
177,3,4707,4690,4689,4515,17.681,50,BFS-coordinated-VNE,5
178,3,4707,4690,4689,4467,17.681,50,BFS-coordinated-VNE,5
179,3,4708,4690,4694,4563,46.498,50,BFS-coordinated-VNE,5
180,3,4709,4690,4696,4563,19.09,50,BFS-coordinated-VNE,5
181,3,4709,4690,4696,4515,19.09,50,BFS-coordinated-VNE,5
182,3,4710,4691,4693,4513,14.009,50,BFS-coordinated-VNE,5
183,3,4711,4692,4690,4569,44.1,50,BFS-coordinated-VNE,5
184,3,4711,4692,4690,4570,44.1,50,BFS-coordinated-VNE,5
185,3,4712,4692,4691,4522,7.779,50,BFS-coordinated-VNE,5
186,3,4712,4692,4691,4517,7.779,50,BFS-coordinated-VNE,5
187,3,4712,4692,4691,4512,7.779,50,BFS-coordinated-VNE,5
188,3,4713,4692,4693,4520,17.952,50,BFS-coordinated-VNE,5
189,3,4713,4692,4693,4474,17.952,50,BFS-coordinated-VNE,5
190,3,4713,4692,4693,4516,17.952,50,BFS-coordinated-VNE,5
191,3,4713,4692,4693,4517,17.952,50,BFS-coordinated-VNE,5
192,3,4714,4692,4694,4520,23.436,50,BFS-coordinated-VNE,5
193,3,4714,4692,4694,4474,23.436,50,BFS-coordinated-VNE,5
194,3,4714,4692,4694,4516,23.436,50,BFS-coordinated-VNE,5
195,3,4715,4693,4688,4510,24.376,50,BFS-coordinated-VNE,5
196,3,4716,4693,4689,4510,45.298,50,BFS-coordinated-VNE,5
197,3,4716,4693,4689,4470,45.298,50,BFS-coordinated-VNE,5
198,3,4716,4693,4689,4467,45.298,50,BFS-coordinated-VNE,5
199,3,4717,4693,4691,4510,40.527,50,BFS-coordinated-VNE,5
200,3,4717,4693,4691,4464,40.527,50,BFS-coordinated-VNE,5
201,3,4717,4693,4691,4508,40.527,50,BFS-coordinated-VNE,5
202,3,4718,4693,4694,4518,15.328,50,BFS-coordinated-VNE,5
203,3,4719,4693,4695,4559,37.727,50,BFS-coordinated-VNE,5
204,3,4720,4694,4690,4564,17.366,50,BFS-coordinated-VNE,5
205,3,4721,4694,4692,4523,16.422,50,BFS-coordinated-VNE,5
206,3,4722,4694,4693,4517,8.899,50,BFS-coordinated-VNE,5
207,3,4723,4694,4696,4515,42.982,50,BFS-coordinated-VNE,5
208,3,4724,4695,4691,4560,26.268,50,BFS-coordinated-VNE,5
209,3,4724,4695,4691,4555,26.268,50,BFS-coordinated-VNE,5
210,3,4725,4695,4693,4558,0.47,50,BFS-coordinated-VNE,5
211,3,4726,4696,4689,4467,43.928,50,BFS-coordinated-VNE,5
212,3,4727,4696,4690,4516,37.142,50,BFS-coordinated-VNE,5
213,3,4727,4696,4690,4564,37.142,50,BFS-coordinated-VNE,5
214,3,4728,4696,4694,4516,36.716,50,BFS-coordinated-VNE,5
215,4,4738,4729,4730,4483,39.04,50,BFS-coordinated-VNE,5
216,4,4738,4729,4730,4484,39.04,50,BFS-coordinated-VNE,5
217,4,4739,4729,4731,4442,13.585,50,BFS-coordinated-VNE,5
218,4,4740,4729,4735,4442,42.824,50,BFS-coordinated-VNE,5
219,4,4740,4729,4735,4447,42.824,50,BFS-coordinated-VNE,5
220,4,4740,4729,4735,4493,42.824,50,BFS-coordinated-VNE,5
221,4,4741,4729,4736,4483,44.631,50,BFS-coordinated-VNE,5
222,4,4741,4729,4736,4531,44.631,50,BFS-coordinated-VNE,5
223,4,4742,4730,4729,4477,34.019,50,BFS-coordinated-VNE,5
224,4,4742,4730,4729,4437,34.019,50,BFS-coordinated-VNE,5
225,4,4743,4730,4731,4485,41.613,50,BFS-coordinated-VNE,5
226,4,4743,4730,4731,4490,41.613,50,BFS-coordinated-VNE,5
227,4,4743,4730,4731,4487,41.613,50,BFS-coordinated-VNE,5
228,4,4744,4730,4732,4485,7.511,50,BFS-coordinated-VNE,5
229,4,4745,4730,4735,4485,40.313,50,BFS-coordinated-VNE,5
230,4,4745,4730,4735,4490,40.313,50,BFS-coordinated-VNE,5
231,4,4745,4730,4735,4495,40.313,50,BFS-coordinated-VNE,5
232,4,4746,4731,4732,4488,12.232,50,BFS-coordinated-VNE,5
233,4,4746,4731,4732,4489,12.232,50,BFS-coordinated-VNE,5
234,4,4747,4731,4735,4488,17.016,50,BFS-coordinated-VNE,5
235,4,4747,4731,4735,4495,17.016,50,BFS-coordinated-VNE,5
236,4,4748,4732,4729,4482,41.952,50,BFS-coordinated-VNE,5
237,4,4749,4732,4730,4484,48.764,50,BFS-coordinated-VNE,5
238,4,4750,4732,4731,4482,21.628,50,BFS-coordinated-VNE,5
239,4,4750,4732,4731,4442,21.628,50,BFS-coordinated-VNE,5
240,4,4751,4732,4733,4490,37.944,50,BFS-coordinated-VNE,5
241,4,4752,4732,4735,4490,12.655,50,BFS-coordinated-VNE,5
242,4,4752,4732,4735,4495,12.655,50,BFS-coordinated-VNE,5
243,4,4753,4732,4736,4531,45.76,50,BFS-coordinated-VNE,5
244,4,4754,4733,4729,4487,15.224,50,BFS-coordinated-VNE,5
245,4,4754,4733,4729,4441,15.224,50,BFS-coordinated-VNE,5
246,4,4755,4733,4731,4487,44.684,50,BFS-coordinated-VNE,5
247,4,4756,4733,4732,4489,42.356,50,BFS-coordinated-VNE,5
248,4,4757,4733,4734,4487,11.829,50,BFS-coordinated-VNE,5
249,4,4757,4733,4734,4439,11.829,50,BFS-coordinated-VNE,5
250,4,4757,4733,4734,4393,11.829,50,BFS-coordinated-VNE,5
251,4,4758,4733,4736,4536,29.81,50,BFS-coordinated-VNE,5
252,4,4758,4733,4736,4537,29.81,50,BFS-coordinated-VNE,5
253,4,4759,4734,4732,4435,37.271,50,BFS-coordinated-VNE,5
254,4,4759,4734,4732,4483,37.271,50,BFS-coordinated-VNE,5
255,4,4760,4734,4733,4435,43.634,50,BFS-coordinated-VNE,5
256,4,4760,4734,4733,4483,43.634,50,BFS-coordinated-VNE,5
257,4,4760,4734,4733,4490,43.634,50,BFS-coordinated-VNE,5
258,4,4761,4734,4735,4435,2.588,50,BFS-coordinated-VNE,5
259,4,4761,4734,4735,4483,2.588,50,BFS-coordinated-VNE,5
260,4,4761,4734,4735,4490,2.588,50,BFS-coordinated-VNE,5
261,4,4761,4734,4735,4495,2.588,50,BFS-coordinated-VNE,5
262,4,4762,4735,4729,4494,43.522,50,BFS-coordinated-VNE,5
263,4,4762,4735,4729,4489,43.522,50,BFS-coordinated-VNE,5
264,4,4762,4735,4729,4482,43.522,50,BFS-coordinated-VNE,5
265,4,4763,4735,4731,4492,40.947,50,BFS-coordinated-VNE,5
266,4,4763,4735,4731,4446,40.947,50,BFS-coordinated-VNE,5
267,4,4764,4735,4732,4494,34.189,50,BFS-coordinated-VNE,5
268,4,4764,4735,4732,4489,34.189,50,BFS-coordinated-VNE,5
269,4,4765,4735,4737,4494,36.199,50,BFS-coordinated-VNE,5
270,4,4765,4735,4737,4489,36.199,50,BFS-coordinated-VNE,5
271,4,4765,4735,4737,4531,36.199,50,BFS-coordinated-VNE,5
272,4,4765,4735,4737,4532,36.199,50,BFS-coordinated-VNE,5
273,4,4766,4736,4729,4530,18.448,50,BFS-coordinated-VNE,5
274,4,4766,4736,4729,4482,18.448,50,BFS-coordinated-VNE,5
275,4,4767,4736,4731,4530,2.074,50,BFS-coordinated-VNE,5
276,4,4767,4736,4731,4490,2.074,50,BFS-coordinated-VNE,5
277,4,4767,4736,4731,4487,2.074,50,BFS-coordinated-VNE,5
278,4,4768,4736,4733,4530,47.575,50,BFS-coordinated-VNE,5
279,4,4768,4736,4733,4490,47.575,50,BFS-coordinated-VNE,5
280,4,4769,4736,4735,4538,45.422,50,BFS-coordinated-VNE,5
281,4,4769,4736,4735,4543,45.422,50,BFS-coordinated-VNE,5
282,4,4769,4736,4735,4540,45.422,50,BFS-coordinated-VNE,5
283,4,4770,4736,4737,4532,15.751,50,BFS-coordinated-VNE,5
284,4,4771,4737,4730,4525,8.464,50,BFS-coordinated-VNE,5
285,4,4772,4737,4731,4525,22.794,50,BFS-coordinated-VNE,5
286,4,4772,4737,4731,4485,22.794,50,BFS-coordinated-VNE,5
287,4,4772,4737,4731,4482,22.794,50,BFS-coordinated-VNE,5
288,4,4772,4737,4731,4442,22.794,50,BFS-coordinated-VNE,5
289,4,4773,4737,4736,4533,22.618,50,BFS-coordinated-VNE,5
290,5,4783,4774,4775,4212,40.615,50,BFS-coordinated-VNE,5
291,5,4783,4774,4775,4217,40.615,50,BFS-coordinated-VNE,5
292,5,4784,4774,4776,4206,36.97,50,BFS-coordinated-VNE,5
293,5,4784,4774,4776,4201,36.97,50,BFS-coordinated-VNE,5
294,5,4785,4774,4778,4206,0.677,50,BFS-coordinated-VNE,5
295,5,4786,4774,4779,4204,10.283,50,BFS-coordinated-VNE,5
296,5,4787,4774,4782,4204,30.854,50,BFS-coordinated-VNE,5
297,5,4787,4774,4782,4166,30.854,50,BFS-coordinated-VNE,5
298,5,4788,4775,4774,4216,34.432,50,BFS-coordinated-VNE,5
299,5,4788,4775,4774,4211,34.432,50,BFS-coordinated-VNE,5
300,5,4789,4775,4778,4216,21.033,50,BFS-coordinated-VNE,5
301,5,4789,4775,4778,4211,21.033,50,BFS-coordinated-VNE,5
302,5,4789,4775,4778,4206,21.033,50,BFS-coordinated-VNE,5
303,5,4790,4775,4780,4216,30.365,50,BFS-coordinated-VNE,5
304,5,4791,4775,4781,4216,43.26,50,BFS-coordinated-VNE,5
305,5,4791,4775,4781,4211,43.26,50,BFS-coordinated-VNE,5
306,5,4791,4775,4781,4253,43.26,50,BFS-coordinated-VNE,5
307,5,4792,4775,4782,4214,35.139,50,BFS-coordinated-VNE,5
308,5,4792,4775,4782,4168,35.139,50,BFS-coordinated-VNE,5
309,5,4793,4776,4774,4243,28.347,50,BFS-coordinated-VNE,5
310,5,4793,4776,4774,4250,28.347,50,BFS-coordinated-VNE,5
311,5,4793,4776,4774,4255,28.347,50,BFS-coordinated-VNE,5
312,5,4793,4776,4774,4252,28.347,50,BFS-coordinated-VNE,5
313,5,4794,4776,4778,4202,41.138,50,BFS-coordinated-VNE,5
314,5,4795,4777,4780,4163,38.031,50,BFS-coordinated-VNE,5
315,5,4795,4777,4780,4205,38.031,50,BFS-coordinated-VNE,5
316,5,4795,4777,4780,4212,38.031,50,BFS-coordinated-VNE,5
317,5,4796,4778,4774,4199,45.867,50,BFS-coordinated-VNE,5
318,5,4796,4778,4774,4163,45.867,50,BFS-coordinated-VNE,5
319,5,4796,4778,4774,4205,45.867,50,BFS-coordinated-VNE,5
320,5,4797,4778,4779,4199,8.703,50,BFS-coordinated-VNE,5
321,5,4797,4778,4779,4163,8.703,50,BFS-coordinated-VNE,5
322,5,4798,4778,4781,4248,32.354,50,BFS-coordinated-VNE,5
323,5,4798,4778,4781,4255,32.354,50,BFS-coordinated-VNE,5
324,5,4799,4778,4782,4199,47.504,50,BFS-coordinated-VNE,5
325,5,4799,4778,4782,4163,47.504,50,BFS-coordinated-VNE,5
326,5,4799,4778,4782,4166,47.504,50,BFS-coordinated-VNE,5
327,5,4800,4779,4774,4205,27.122,50,BFS-coordinated-VNE,5
328,5,4801,4779,4776,4162,21.344,50,BFS-coordinated-VNE,5
329,5,4801,4779,4776,4200,21.344,50,BFS-coordinated-VNE,5
330,5,4801,4779,4776,4201,21.344,50,BFS-coordinated-VNE,5
331,5,4802,4779,4777,4162,35.835,50,BFS-coordinated-VNE,5
332,5,4803,4779,4780,4205,5.662,50,BFS-coordinated-VNE,5
333,5,4803,4779,4780,4212,5.662,50,BFS-coordinated-VNE,5
334,5,4804,4779,4781,4205,5.746,50,BFS-coordinated-VNE,5
335,5,4804,4779,4781,4253,5.746,50,BFS-coordinated-VNE,5
336,5,4805,4780,4774,4211,33.282,50,BFS-coordinated-VNE,5
337,5,4806,4780,4776,4258,29.293,50,BFS-coordinated-VNE,5
338,5,4806,4780,4776,4259,29.293,50,BFS-coordinated-VNE,5
339,5,4806,4780,4776,4254,29.293,50,BFS-coordinated-VNE,5
340,5,4806,4780,4776,4249,29.293,50,BFS-coordinated-VNE,5
341,5,4806,4780,4776,4242,29.293,50,BFS-coordinated-VNE,5
342,5,4807,4780,4777,4211,17.593,50,BFS-coordinated-VNE,5
343,5,4807,4780,4777,4206,17.593,50,BFS-coordinated-VNE,5
344,5,4807,4780,4777,4199,17.593,50,BFS-coordinated-VNE,5
345,5,4808,4780,4778,4211,18.287,50,BFS-coordinated-VNE,5
346,5,4808,4780,4778,4206,18.287,50,BFS-coordinated-VNE,5
347,5,4809,4780,4779,4211,25.889,50,BFS-coordinated-VNE,5
348,5,4809,4780,4779,4204,25.889,50,BFS-coordinated-VNE,5
349,5,4810,4780,4781,4258,2.492,50,BFS-coordinated-VNE,5
350,5,4810,4780,4781,4259,2.492,50,BFS-coordinated-VNE,5
351,5,4811,4780,4782,4209,12.545,50,BFS-coordinated-VNE,5
352,5,4812,4781,4774,4252,37.749,50,BFS-coordinated-VNE,5
353,5,4813,4781,4775,4260,21.851,50,BFS-coordinated-VNE,5
354,5,4813,4781,4775,4265,21.851,50,BFS-coordinated-VNE,5
355,5,4813,4781,4775,4262,21.851,50,BFS-coordinated-VNE,5
356,5,4814,4781,4776,4254,45.625,50,BFS-coordinated-VNE,5
357,5,4814,4781,4776,4249,45.625,50,BFS-coordinated-VNE,5
358,5,4814,4781,4776,4242,45.625,50,BFS-coordinated-VNE,5
359,5,4815,4781,4778,4252,2.856,50,BFS-coordinated-VNE,5
360,5,4815,4781,4778,4206,2.856,50,BFS-coordinated-VNE,5
361,5,4816,4781,4779,4252,10.621,50,BFS-coordinated-VNE,5
362,5,4816,4781,4779,4204,10.621,50,BFS-coordinated-VNE,5
363,5,4817,4781,4782,4252,3.966,50,BFS-coordinated-VNE,5
364,5,4817,4781,4782,4212,3.966,50,BFS-coordinated-VNE,5
365,5,4817,4781,4782,4209,3.966,50,BFS-coordinated-VNE,5
366,5,4818,4782,4775,4210,19.832,50,BFS-coordinated-VNE,5
367,5,4818,4782,4775,4217,19.832,50,BFS-coordinated-VNE,5
368,5,4819,4782,4776,4165,1.101,50,BFS-coordinated-VNE,5
369,5,4819,4782,4776,4205,1.101,50,BFS-coordinated-VNE,5
370,5,4819,4782,4776,4206,1.101,50,BFS-coordinated-VNE,5
371,5,4819,4782,4776,4201,1.101,50,BFS-coordinated-VNE,5
372,5,4820,4782,4778,4169,19.41,50,BFS-coordinated-VNE,5
373,5,4820,4782,4778,4215,19.41,50,BFS-coordinated-VNE,5
374,5,4820,4782,4778,4216,19.41,50,BFS-coordinated-VNE,5
375,5,4820,4782,4778,4211,19.41,50,BFS-coordinated-VNE,5
376,5,4820,4782,4778,4206,19.41,50,BFS-coordinated-VNE,5
377,5,4821,4782,4779,4169,46.949,50,BFS-coordinated-VNE,5
378,5,4821,4782,4779,4215,46.949,50,BFS-coordinated-VNE,5
379,5,4821,4782,4779,4263,46.949,50,BFS-coordinated-VNE,5
380,5,4821,4782,4779,4264,46.949,50,BFS-coordinated-VNE,5
381,5,4821,4782,4779,4257,46.949,50,BFS-coordinated-VNE,5
382,5,4821,4782,4779,4211,46.949,50,BFS-coordinated-VNE,5
383,5,4821,4782,4779,4204,46.949,50,BFS-coordinated-VNE,5
384,5,4822,4782,4780,4169,8.898,50,BFS-coordinated-VNE,5
385,5,4822,4782,4780,4215,8.898,50,BFS-coordinated-VNE,5
386,5,4822,4782,4780,4216,8.898,50,BFS-coordinated-VNE,5
387,5,4823,4782,4781,4169,29.526,50,BFS-coordinated-VNE,5
388,5,4823,4782,4781,4215,29.526,50,BFS-coordinated-VNE,5
389,5,4823,4782,4781,4263,29.526,50,BFS-coordinated-VNE,5
390,5,4823,4782,4781,4264,29.526,50,BFS-coordinated-VNE,5
391,5,4823,4782,4781,4259,29.526,50,BFS-coordinated-VNE,5
392,6,4833,4824,4825,4477,5.297,50,BFS-coordinated-VNE,5
393,6,4834,4824,4829,4485,25.244,50,BFS-coordinated-VNE,5
394,6,4834,4824,4829,4490,25.244,50,BFS-coordinated-VNE,5
395,6,4834,4824,4829,4487,25.244,50,BFS-coordinated-VNE,5
396,6,4835,4824,4830,4477,33.686,50,BFS-coordinated-VNE,5
397,6,4835,4824,4830,4437,33.686,50,BFS-coordinated-VNE,5
398,6,4835,4824,4830,4434,33.686,50,BFS-coordinated-VNE,5
399,6,4836,4824,4831,4485,13.506,50,BFS-coordinated-VNE,5
400,6,4837,4825,4824,4478,35.702,50,BFS-coordinated-VNE,5
401,6,4838,4825,4826,4478,27.761,50,BFS-coordinated-VNE,5
402,6,4838,4825,4826,4526,27.761,50,BFS-coordinated-VNE,5
403,6,4838,4825,4826,4533,27.761,50,BFS-coordinated-VNE,5
404,6,4839,4825,4827,4431,18.538,50,BFS-coordinated-VNE,5
405,6,4840,4825,4832,4437,47.431,50,BFS-coordinated-VNE,5
406,6,4841,4826,4824,4530,9.824,50,BFS-coordinated-VNE,5
407,6,4841,4826,4824,4484,9.824,50,BFS-coordinated-VNE,5
408,6,4842,4826,4825,4530,28.399,50,BFS-coordinated-VNE,5
409,6,4842,4826,4825,4482,28.399,50,BFS-coordinated-VNE,5
410,6,4842,4826,4825,4436,28.399,50,BFS-coordinated-VNE,5
411,6,4843,4826,4827,4532,42.043,50,BFS-coordinated-VNE,5
412,6,4843,4826,4827,4525,42.043,50,BFS-coordinated-VNE,5
413,6,4843,4826,4827,4477,42.043,50,BFS-coordinated-VNE,5
414,6,4843,4826,4827,4431,42.043,50,BFS-coordinated-VNE,5
415,6,4844,4827,4824,4473,16.095,50,BFS-coordinated-VNE,5
416,6,4844,4827,4824,4480,16.095,50,BFS-coordinated-VNE,5
417,6,4845,4827,4825,4432,49.23,50,BFS-coordinated-VNE,5
418,6,4846,4827,4826,4473,10.114,50,BFS-coordinated-VNE,5
419,6,4846,4827,4826,4521,10.114,50,BFS-coordinated-VNE,5
420,6,4846,4827,4826,4528,10.114,50,BFS-coordinated-VNE,5
421,6,4846,4827,4826,4533,10.114,50,BFS-coordinated-VNE,5
422,6,4847,4827,4829,4432,49.736,50,BFS-coordinated-VNE,5
423,6,4847,4827,4829,4437,49.736,50,BFS-coordinated-VNE,5
424,6,4847,4827,4829,4442,49.736,50,BFS-coordinated-VNE,5
425,6,4848,4827,4830,4432,46.417,50,BFS-coordinated-VNE,5
426,6,4848,4827,4830,4437,46.417,50,BFS-coordinated-VNE,5
427,6,4848,4827,4830,4434,46.417,50,BFS-coordinated-VNE,5
428,6,4849,4827,4832,4432,30.045,50,BFS-coordinated-VNE,5
429,6,4849,4827,4832,4437,30.045,50,BFS-coordinated-VNE,5
430,6,4850,4828,4824,4489,42.785,50,BFS-coordinated-VNE,5
431,6,4850,4828,4824,4484,42.785,50,BFS-coordinated-VNE,5
432,6,4851,4828,4825,4489,34.52,50,BFS-coordinated-VNE,5
433,6,4851,4828,4825,4484,34.52,50,BFS-coordinated-VNE,5
434,6,4851,4828,4825,4477,34.52,50,BFS-coordinated-VNE,5
435,6,4852,4829,4824,4441,32.929,50,BFS-coordinated-VNE,5
436,6,4852,4829,4824,4436,32.929,50,BFS-coordinated-VNE,5
437,6,4852,4829,4824,4478,32.929,50,BFS-coordinated-VNE,5
438,6,4853,4829,4828,4488,4.507,50,BFS-coordinated-VNE,5
439,6,4854,4830,4824,4435,33.669,50,BFS-coordinated-VNE,5
440,6,4854,4830,4824,4483,33.669,50,BFS-coordinated-VNE,5
441,6,4854,4830,4824,4484,33.669,50,BFS-coordinated-VNE,5
442,6,4855,4830,4826,4435,28.882,50,BFS-coordinated-VNE,5
443,6,4855,4830,4826,4483,28.882,50,BFS-coordinated-VNE,5
444,6,4855,4830,4826,4531,28.882,50,BFS-coordinated-VNE,5
445,6,4856,4830,4827,4388,0.298,50,BFS-coordinated-VNE,5
446,6,4856,4830,4827,4383,0.298,50,BFS-coordinated-VNE,5
447,6,4856,4830,4827,4425,0.298,50,BFS-coordinated-VNE,5
448,6,4857,4830,4832,4435,43.244,50,BFS-coordinated-VNE,5
449,6,4858,4831,4826,4531,5.683,50,BFS-coordinated-VNE,5
450,6,4859,4831,4828,4490,29.765,50,BFS-coordinated-VNE,5
451,6,4860,4831,4829,4482,45.482,50,BFS-coordinated-VNE,5
452,6,4860,4831,4829,4442,45.482,50,BFS-coordinated-VNE,5
453,6,4861,4831,4830,4482,26.936,50,BFS-coordinated-VNE,5
454,6,4861,4831,4830,4434,26.936,50,BFS-coordinated-VNE,5
455,6,4862,4832,4824,4483,42.123,50,BFS-coordinated-VNE,5
456,6,4862,4832,4824,4484,42.123,50,BFS-coordinated-VNE,5
457,6,4863,4832,4825,4436,42.985,50,BFS-coordinated-VNE,5
458,6,4864,4832,4831,4483,24.519,50,BFS-coordinated-VNE,5
459,7,4874,4865,4866,4398,1.204,50,BFS-coordinated-VNE,5
460,7,4874,4865,4866,4393,1.204,50,BFS-coordinated-VNE,5
461,7,4874,4865,4866,4386,1.204,50,BFS-coordinated-VNE,5
462,7,4875,4865,4868,4396,21.258,50,BFS-coordinated-VNE,5
463,7,4875,4865,4868,4350,21.258,50,BFS-coordinated-VNE,5
464,7,4876,4865,4869,4398,31.62,50,BFS-coordinated-VNE,5
465,7,4876,4865,4869,4393,31.62,50,BFS-coordinated-VNE,5
466,7,4877,4865,4870,4445,13.591,50,BFS-coordinated-VNE,5
467,7,4877,4865,4870,4446,13.591,50,BFS-coordinated-VNE,5
468,7,4877,4865,4870,4441,13.591,50,BFS-coordinated-VNE,5
469,7,4877,4865,4870,4436,13.591,50,BFS-coordinated-VNE,5
470,7,4877,4865,4870,4429,13.591,50,BFS-coordinated-VNE,5
471,7,4878,4865,4873,4396,25.608,50,BFS-coordinated-VNE,5
472,7,4878,4865,4873,4350,25.608,50,BFS-coordinated-VNE,5
473,7,4878,4865,4873,4345,25.608,50,BFS-coordinated-VNE,5
474,7,4878,4865,4873,4338,25.608,50,BFS-coordinated-VNE,5
475,7,4879,4866,4865,4346,3.231,50,BFS-coordinated-VNE,5
476,7,4879,4866,4865,4351,3.231,50,BFS-coordinated-VNE,5
477,7,4879,4866,4865,4397,3.231,50,BFS-coordinated-VNE,5
478,7,4880,4866,4867,4387,14.943,50,BFS-coordinated-VNE,5
479,7,4880,4866,4867,4435,14.943,50,BFS-coordinated-VNE,5
480,7,4881,4866,4868,4346,34.688,50,BFS-coordinated-VNE,5
481,7,4882,4866,4869,4387,48.538,50,BFS-coordinated-VNE,5
482,7,4883,4866,4873,4338,32.701,50,BFS-coordinated-VNE,5
483,7,4884,4867,4868,4434,21.192,50,BFS-coordinated-VNE,5
484,7,4884,4867,4868,4394,21.192,50,BFS-coordinated-VNE,5
485,7,4884,4867,4868,4391,21.192,50,BFS-coordinated-VNE,5
486,7,4885,4867,4869,4434,23.499,50,BFS-coordinated-VNE,5
487,7,4886,4867,4871,4436,26.773,50,BFS-coordinated-VNE,5
488,7,4886,4867,4871,4431,26.773,50,BFS-coordinated-VNE,5
489,7,4886,4867,4871,4424,26.773,50,BFS-coordinated-VNE,5
490,7,4887,4868,4867,4392,39.613,50,BFS-coordinated-VNE,5
491,7,4887,4868,4867,4440,39.613,50,BFS-coordinated-VNE,5
492,7,4887,4868,4867,4441,39.613,50,BFS-coordinated-VNE,5
493,7,4888,4868,4869,4392,6.917,50,BFS-coordinated-VNE,5
494,7,4888,4868,4869,4393,6.917,50,BFS-coordinated-VNE,5
495,7,4889,4868,4872,4392,20.149,50,BFS-coordinated-VNE,5
496,7,4890,4869,4866,4386,33.218,50,BFS-coordinated-VNE,5
497,7,4891,4869,4867,4435,27.825,50,BFS-coordinated-VNE,5
498,7,4892,4869,4870,4388,33.513,50,BFS-coordinated-VNE,5
499,7,4893,4869,4871,4388,6.654,50,BFS-coordinated-VNE,5
500,7,4893,4869,4871,4383,6.654,50,BFS-coordinated-VNE,5
501,7,4894,4869,4873,4386,31.164,50,BFS-coordinated-VNE,5
502,7,4894,4869,4873,4338,31.164,50,BFS-coordinated-VNE,5
503,7,4895,4870,4865,4389,47.351,50,BFS-coordinated-VNE,5
504,7,4895,4870,4865,4394,47.351,50,BFS-coordinated-VNE,5
505,7,4895,4870,4865,4399,47.351,50,BFS-coordinated-VNE,5
506,7,4896,4870,4866,4381,2.989,50,BFS-coordinated-VNE,5
507,7,4896,4870,4866,4341,2.989,50,BFS-coordinated-VNE,5
508,7,4897,4870,4867,4430,3.1,50,BFS-coordinated-VNE,5
509,7,4897,4870,4867,4437,3.1,50,BFS-coordinated-VNE,5
510,7,4898,4870,4868,4389,45.697,50,BFS-coordinated-VNE,5
511,7,4898,4870,4868,4394,45.697,50,BFS-coordinated-VNE,5
512,7,4898,4870,4868,4391,45.697,50,BFS-coordinated-VNE,5
513,7,4899,4870,4871,4383,5.137,50,BFS-coordinated-VNE,5
514,7,4900,4870,4872,4389,29.269,50,BFS-coordinated-VNE,5
515,7,4900,4870,4872,4394,29.269,50,BFS-coordinated-VNE,5
516,7,4901,4871,4865,4384,34.176,50,BFS-coordinated-VNE,5
517,7,4901,4871,4865,4389,34.176,50,BFS-coordinated-VNE,5
518,7,4901,4871,4865,4394,34.176,50,BFS-coordinated-VNE,5
519,7,4901,4871,4865,4399,34.176,50,BFS-coordinated-VNE,5
520,7,4902,4871,4866,4384,16.672,50,BFS-coordinated-VNE,5
521,7,4902,4871,4866,4389,16.672,50,BFS-coordinated-VNE,5
522,7,4902,4871,4866,4386,16.672,50,BFS-coordinated-VNE,5
523,7,4903,4871,4867,4384,10.334,50,BFS-coordinated-VNE,5
524,7,4903,4871,4867,4389,10.334,50,BFS-coordinated-VNE,5
525,7,4903,4871,4867,4435,10.334,50,BFS-coordinated-VNE,5
526,7,4904,4871,4872,4384,13.641,50,BFS-coordinated-VNE,5
527,7,4904,4871,4872,4389,13.641,50,BFS-coordinated-VNE,5
528,7,4904,4871,4872,4394,13.641,50,BFS-coordinated-VNE,5
529,7,4905,4871,4873,4376,15.946,50,BFS-coordinated-VNE,5
530,7,4905,4871,4873,4336,15.946,50,BFS-coordinated-VNE,5
531,7,4905,4871,4873,4333,15.946,50,BFS-coordinated-VNE,5
532,7,4905,4871,4873,4293,15.946,50,BFS-coordinated-VNE,5
533,7,4906,4872,4867,4440,27.043,50,BFS-coordinated-VNE,5
534,7,4906,4872,4867,4441,27.043,50,BFS-coordinated-VNE,5
535,7,4907,4872,4869,4393,14.56,50,BFS-coordinated-VNE,5
536,7,4908,4872,4870,4391,40.624,50,BFS-coordinated-VNE,5
537,7,4908,4872,4870,4345,40.624,50,BFS-coordinated-VNE,5
538,7,4908,4872,4870,4340,40.624,50,BFS-coordinated-VNE,5
539,7,4908,4872,4870,4382,40.624,50,BFS-coordinated-VNE,5
540,7,4909,4872,4873,4391,46.823,50,BFS-coordinated-VNE,5
541,7,4909,4872,4873,4343,46.823,50,BFS-coordinated-VNE,5
542,7,4909,4872,4873,4297,46.823,50,BFS-coordinated-VNE,5
543,7,4910,4873,4865,4298,48.861,50,BFS-coordinated-VNE,5
544,7,4910,4873,4865,4303,48.861,50,BFS-coordinated-VNE,5
545,7,4910,4873,4865,4349,48.861,50,BFS-coordinated-VNE,5
546,7,4910,4873,4865,4397,48.861,50,BFS-coordinated-VNE,5
547,7,4911,4873,4867,4298,23.678,50,BFS-coordinated-VNE,5
548,7,4911,4873,4867,4344,23.678,50,BFS-coordinated-VNE,5
549,7,4911,4873,4867,4345,23.678,50,BFS-coordinated-VNE,5
550,7,4911,4873,4867,4387,23.678,50,BFS-coordinated-VNE,5
551,7,4911,4873,4867,4435,23.678,50,BFS-coordinated-VNE,5
552,8,4921,4912,4915,4263,45.35,50,BFS-coordinated-VNE,5
553,8,4921,4912,4915,4311,45.35,50,BFS-coordinated-VNE,5
554,8,4921,4912,4915,4359,45.35,50,BFS-coordinated-VNE,5
555,8,4922,4912,4918,4263,3.456,50,BFS-coordinated-VNE,5
556,8,4922,4912,4918,4264,3.456,50,BFS-coordinated-VNE,5
557,8,4923,4912,4919,4216,16.734,50,BFS-coordinated-VNE,5
558,8,4923,4912,4919,4258,16.734,50,BFS-coordinated-VNE,5
559,8,4923,4912,4919,4306,16.734,50,BFS-coordinated-VNE,5
560,8,4923,4912,4919,4307,16.734,50,BFS-coordinated-VNE,5
561,8,4924,4913,4912,4262,34.532,50,BFS-coordinated-VNE,5
562,8,4925,4913,4914,4311,39.92,50,BFS-coordinated-VNE,5
563,8,4925,4913,4914,4312,39.92,50,BFS-coordinated-VNE,5
564,8,4926,4913,4916,4311,39.189,50,BFS-coordinated-VNE,5
565,8,4927,4914,4912,4305,21.005,50,BFS-coordinated-VNE,5
566,8,4927,4914,4912,4265,21.005,50,BFS-coordinated-VNE,5
567,8,4927,4914,4912,4262,21.005,50,BFS-coordinated-VNE,5
568,8,4928,4914,4915,4354,17.599,50,BFS-coordinated-VNE,5
569,8,4928,4914,4915,4361,17.599,50,BFS-coordinated-VNE,5
570,8,4929,4914,4916,4313,26.874,50,BFS-coordinated-VNE,5
571,8,4930,4915,4912,4358,31.691,50,BFS-coordinated-VNE,5
572,8,4930,4915,4912,4310,31.691,50,BFS-coordinated-VNE,5
573,8,4930,4915,4912,4262,31.691,50,BFS-coordinated-VNE,5
574,8,4931,4915,4913,4358,24.786,50,BFS-coordinated-VNE,5
575,8,4931,4915,4913,4310,24.786,50,BFS-coordinated-VNE,5
576,8,4932,4915,4914,4358,26.222,50,BFS-coordinated-VNE,5
577,8,4932,4915,4914,4312,26.222,50,BFS-coordinated-VNE,5
578,8,4933,4915,4916,4358,18.081,50,BFS-coordinated-VNE,5
579,8,4934,4915,4917,4407,37.692,50,BFS-coordinated-VNE,5
580,8,4935,4915,4918,4358,25.883,50,BFS-coordinated-VNE,5
581,8,4935,4915,4918,4312,25.883,50,BFS-coordinated-VNE,5
582,8,4935,4915,4918,4305,25.883,50,BFS-coordinated-VNE,5
583,8,4936,4915,4919,4360,34.5,50,BFS-coordinated-VNE,5
584,8,4936,4915,4919,4355,34.5,50,BFS-coordinated-VNE,5
585,8,4936,4915,4919,4348,34.5,50,BFS-coordinated-VNE,5
586,8,4937,4916,4913,4310,31.452,50,BFS-coordinated-VNE,5
587,8,4938,4916,4914,4312,1.655,50,BFS-coordinated-VNE,5
588,8,4939,4916,4915,4359,36.056,50,BFS-coordinated-VNE,5
589,8,4940,4916,4917,4359,38.285,50,BFS-coordinated-VNE,5
590,8,4940,4916,4917,4407,38.285,50,BFS-coordinated-VNE,5
591,8,4941,4916,4919,4312,36.772,50,BFS-coordinated-VNE,5
592,8,4941,4916,4919,4307,36.772,50,BFS-coordinated-VNE,5
593,8,4942,4917,4912,4406,24.819,50,BFS-coordinated-VNE,5
594,8,4942,4917,4912,4358,24.819,50,BFS-coordinated-VNE,5
595,8,4942,4917,4912,4310,24.819,50,BFS-coordinated-VNE,5
596,8,4942,4917,4912,4262,24.819,50,BFS-coordinated-VNE,5
597,8,4943,4917,4916,4406,13.734,50,BFS-coordinated-VNE,5
598,8,4943,4917,4916,4358,13.734,50,BFS-coordinated-VNE,5
599,8,4944,4917,4919,4406,0.63,50,BFS-coordinated-VNE,5
600,8,4944,4917,4919,4360,0.63,50,BFS-coordinated-VNE,5
601,8,4944,4917,4919,4353,0.63,50,BFS-coordinated-VNE,5
602,8,4944,4917,4919,4307,0.63,50,BFS-coordinated-VNE,5
603,8,4945,4918,4912,4257,25.473,50,BFS-coordinated-VNE,5
604,8,4945,4918,4912,4217,25.473,50,BFS-coordinated-VNE,5
605,8,4946,4918,4913,4265,9.789,50,BFS-coordinated-VNE,5
606,8,4947,4918,4914,4306,37.818,50,BFS-coordinated-VNE,5
607,8,4948,4918,4917,4306,48.194,50,BFS-coordinated-VNE,5
608,8,4948,4918,4917,4354,48.194,50,BFS-coordinated-VNE,5
609,8,4948,4918,4917,4402,48.194,50,BFS-coordinated-VNE,5
610,8,4948,4918,4917,4409,48.194,50,BFS-coordinated-VNE,5
611,8,4949,4918,4920,4306,39.543,50,BFS-coordinated-VNE,5
612,8,4949,4918,4920,4354,39.543,50,BFS-coordinated-VNE,5
613,8,4950,4919,4912,4300,6.283,50,BFS-coordinated-VNE,5
614,8,4950,4919,4912,4260,6.283,50,BFS-coordinated-VNE,5
615,8,4950,4919,4912,4257,6.283,50,BFS-coordinated-VNE,5
616,8,4950,4919,4912,4217,6.283,50,BFS-coordinated-VNE,5
617,8,4951,4919,4915,4308,45.692,50,BFS-coordinated-VNE,5
618,8,4951,4919,4915,4313,45.692,50,BFS-coordinated-VNE,5
619,8,4951,4919,4915,4359,45.692,50,BFS-coordinated-VNE,5
620,8,4952,4919,4916,4308,37.749,50,BFS-coordinated-VNE,5
621,8,4952,4919,4916,4313,37.749,50,BFS-coordinated-VNE,5
622,8,4953,4920,4915,4361,20.991,50,BFS-coordinated-VNE,5
623,8,4954,4920,4917,4402,11.792,50,BFS-coordinated-VNE,5
624,8,4954,4920,4917,4409,11.792,50,BFS-coordinated-VNE,5
625,8,4955,4920,4919,4353,41.829,50,BFS-coordinated-VNE,5
626,8,4955,4920,4919,4307,41.829,50,BFS-coordinated-VNE,5
627,9,4965,4956,4959,4205,7.041,50,BFS-coordinated-VNE,5
628,9,4965,4956,4959,4253,7.041,50,BFS-coordinated-VNE,5
629,9,4966,4956,4960,4162,27.911,50,BFS-coordinated-VNE,5
630,9,4966,4956,4960,4200,27.911,50,BFS-coordinated-VNE,5
631,9,4967,4956,4961,4162,29.382,50,BFS-coordinated-VNE,5
632,9,4967,4956,4961,4159,29.382,50,BFS-coordinated-VNE,5
633,9,4968,4956,4964,4205,10.388,50,BFS-coordinated-VNE,5
634,9,4969,4957,4964,4216,0.911,50,BFS-coordinated-VNE,5
635,9,4969,4957,4964,4211,0.911,50,BFS-coordinated-VNE,5
636,9,4970,4958,4960,4202,42.075,50,BFS-coordinated-VNE,5
637,9,4971,4958,4962,4202,1.976,50,BFS-coordinated-VNE,5
638,9,4971,4958,4962,4207,1.976,50,BFS-coordinated-VNE,5
639,9,4971,4958,4962,4212,1.976,50,BFS-coordinated-VNE,5
640,9,4972,4958,4963,4194,34.874,50,BFS-coordinated-VNE,5
641,9,4972,4958,4963,4160,34.874,50,BFS-coordinated-VNE,5
642,9,4973,4959,4956,4252,5.422,50,BFS-coordinated-VNE,5
643,9,4973,4959,4956,4204,5.422,50,BFS-coordinated-VNE,5
644,9,4974,4959,4957,4260,19.878,50,BFS-coordinated-VNE,5
645,9,4974,4959,4957,4265,19.878,50,BFS-coordinated-VNE,5
646,9,4974,4959,4957,4262,19.878,50,BFS-coordinated-VNE,5
647,9,4975,4959,4958,4252,34.827,50,BFS-coordinated-VNE,5
648,9,4975,4959,4958,4206,34.827,50,BFS-coordinated-VNE,5
649,9,4975,4959,4958,4199,34.827,50,BFS-coordinated-VNE,5
650,9,4975,4959,4958,4159,34.827,50,BFS-coordinated-VNE,5
651,9,4975,4959,4958,4195,34.827,50,BFS-coordinated-VNE,5
652,9,4976,4959,4960,4252,10.409,50,BFS-coordinated-VNE,5
653,9,4976,4959,4960,4206,10.409,50,BFS-coordinated-VNE,5
654,9,4977,4959,4961,4254,22.586,50,BFS-coordinated-VNE,5
655,9,4977,4959,4961,4247,22.586,50,BFS-coordinated-VNE,5
656,9,4977,4959,4961,4199,22.586,50,BFS-coordinated-VNE,5
657,9,4977,4959,4961,4159,22.586,50,BFS-coordinated-VNE,5
658,9,4978,4959,4962,4252,7.293,50,BFS-coordinated-VNE,5
659,9,4978,4959,4962,4212,7.293,50,BFS-coordinated-VNE,5
660,9,4979,4959,4963,4252,22.591,50,BFS-coordinated-VNE,5
661,9,4979,4959,4963,4204,22.591,50,BFS-coordinated-VNE,5
662,9,4979,4959,4963,4162,22.591,50,BFS-coordinated-VNE,5
663,9,4980,4960,4956,4199,33.796,50,BFS-coordinated-VNE,5
664,9,4980,4960,4956,4163,33.796,50,BFS-coordinated-VNE,5
665,9,4981,4960,4957,4207,14.669,50,BFS-coordinated-VNE,5
666,9,4981,4960,4957,4212,14.669,50,BFS-coordinated-VNE,5
667,9,4981,4960,4957,4217,14.669,50,BFS-coordinated-VNE,5
668,9,4982,4960,4961,4199,20.936,50,BFS-coordinated-VNE,5
669,9,4982,4960,4961,4159,20.936,50,BFS-coordinated-VNE,5
670,9,4983,4961,4958,4195,3.704,50,BFS-coordinated-VNE,5
671,9,4984,4961,4960,4195,16.918,50,BFS-coordinated-VNE,5
672,9,4984,4961,4960,4202,16.918,50,BFS-coordinated-VNE,5
673,9,4985,4962,4957,4217,41.672,50,BFS-coordinated-VNE,5
674,9,4986,4962,4961,4211,45.447,50,BFS-coordinated-VNE,5
675,9,4986,4962,4961,4204,45.447,50,BFS-coordinated-VNE,5
676,9,4986,4962,4961,4162,45.447,50,BFS-coordinated-VNE,5
677,9,4986,4962,4961,4159,45.447,50,BFS-coordinated-VNE,5
678,9,4987,4962,4964,4211,18.957,50,BFS-coordinated-VNE,5
679,9,4988,4963,4959,4200,3.09,50,BFS-coordinated-VNE,5
680,9,4988,4963,4959,4248,3.09,50,BFS-coordinated-VNE,5
681,9,4988,4963,4959,4255,3.09,50,BFS-coordinated-VNE,5
682,9,4989,4963,4964,4163,34.963,50,BFS-coordinated-VNE,5
683,9,4989,4963,4964,4205,34.963,50,BFS-coordinated-VNE,5
684,9,4990,4964,4956,4204,32.89,50,BFS-coordinated-VNE,5
685,9,4991,4964,4957,4212,2.176,50,BFS-coordinated-VNE,5
686,9,4991,4964,4957,4217,2.176,50,BFS-coordinated-VNE,5
687,9,4992,4964,4958,4206,20.669,50,BFS-coordinated-VNE,5
688,9,4992,4964,4958,4199,20.669,50,BFS-coordinated-VNE,5
689,9,4992,4964,4958,4159,20.669,50,BFS-coordinated-VNE,5
690,9,4992,4964,4958,4195,20.669,50,BFS-coordinated-VNE,5
691,9,4993,4964,4959,4253,41.644,50,BFS-coordinated-VNE,5
692,9,4994,4964,4960,4206,38.126,50,BFS-coordinated-VNE,5
693,9,4995,4964,4962,4212,27.813,50,BFS-coordinated-VNE,5
694,10,5005,4996,4997,4359,49.567,50,BFS-coordinated-VNE,5
695,10,5006,4996,4999,4312,17.633,50,BFS-coordinated-VNE,5
696,10,5006,4996,4999,4307,17.633,50,BFS-coordinated-VNE,5
697,10,5007,4996,5000,4310,36.112,50,BFS-coordinated-VNE,5
698,10,5007,4996,5000,4264,36.112,50,BFS-coordinated-VNE,5
699,10,5008,4996,5001,4359,6.221,50,BFS-coordinated-VNE,5
700,10,5008,4996,5001,4407,6.221,50,BFS-coordinated-VNE,5
701,10,5009,4996,5002,4312,17.173,50,BFS-coordinated-VNE,5
702,10,5010,4996,5003,4359,3.735,50,BFS-coordinated-VNE,5
703,10,5010,4996,5003,4360,3.735,50,BFS-coordinated-VNE,5
704,10,5011,4996,5004,4310,1.337,50,BFS-coordinated-VNE,5
705,10,5012,4997,4996,4358,9.064,50,BFS-coordinated-VNE,5
706,10,5013,4997,4998,4358,32.476,50,BFS-coordinated-VNE,5
707,10,5013,4997,4998,4312,32.476,50,BFS-coordinated-VNE,5
708,10,5013,4997,4998,4305,32.476,50,BFS-coordinated-VNE,5
709,10,5013,4997,4998,4259,32.476,50,BFS-coordinated-VNE,5
710,10,5014,4997,5000,4358,45.671,50,BFS-coordinated-VNE,5
711,10,5014,4997,5000,4312,45.671,50,BFS-coordinated-VNE,5
712,10,5014,4997,5000,4305,45.671,50,BFS-coordinated-VNE,5
713,10,5015,4997,5002,4358,0.075,50,BFS-coordinated-VNE,5
714,10,5015,4997,5002,4312,0.075,50,BFS-coordinated-VNE,5
715,10,5016,4997,5004,4358,24.932,50,BFS-coordinated-VNE,5
716,10,5016,4997,5004,4310,24.932,50,BFS-coordinated-VNE,5
717,10,5017,4998,5001,4301,2.308,50,BFS-coordinated-VNE,5
718,10,5017,4998,5001,4349,2.308,50,BFS-coordinated-VNE,5
719,10,5017,4998,5001,4356,2.308,50,BFS-coordinated-VNE,5
720,10,5017,4998,5001,4361,2.308,50,BFS-coordinated-VNE,5
721,10,5017,4998,5001,4407,2.308,50,BFS-coordinated-VNE,5
722,10,5018,4998,5002,4260,33.912,50,BFS-coordinated-VNE,5
723,10,5018,4998,5002,4306,33.912,50,BFS-coordinated-VNE,5
724,10,5019,4998,5004,4260,5.619,50,BFS-coordinated-VNE,5
725,10,5019,4998,5004,4265,5.619,50,BFS-coordinated-VNE,5
726,10,5020,4999,4998,4300,49.119,50,BFS-coordinated-VNE,5
727,10,5021,5000,4996,4306,3.619,50,BFS-coordinated-VNE,5
728,10,5021,5000,4996,4313,3.619,50,BFS-coordinated-VNE,5
729,10,5022,5000,4997,4306,12.819,50,BFS-coordinated-VNE,5
730,10,5022,5000,4997,4313,12.819,50,BFS-coordinated-VNE,5
731,10,5022,5000,4997,4359,12.819,50,BFS-coordinated-VNE,5
732,10,5023,5000,4998,4259,30.868,50,BFS-coordinated-VNE,5
733,10,5024,5000,4999,4306,0.145,50,BFS-coordinated-VNE,5
734,10,5024,5000,4999,4307,0.145,50,BFS-coordinated-VNE,5
735,10,5025,5000,5004,4265,25.345,50,BFS-coordinated-VNE,5
736,10,5026,5001,4996,4406,22.417,50,BFS-coordinated-VNE,5
737,10,5026,5001,4996,4358,22.417,50,BFS-coordinated-VNE,5
738,10,5027,5001,4997,4406,6.099,50,BFS-coordinated-VNE,5
739,10,5028,5001,4998,4406,11.845,50,BFS-coordinated-VNE,5
740,10,5028,5001,4998,4360,11.845,50,BFS-coordinated-VNE,5
741,10,5028,5001,4998,4353,11.845,50,BFS-coordinated-VNE,5
742,10,5028,5001,4998,4307,11.845,50,BFS-coordinated-VNE,5
743,10,5028,5001,4998,4300,11.845,50,BFS-coordinated-VNE,5
744,10,5029,5002,4999,4307,8.021,50,BFS-coordinated-VNE,5
745,10,5030,5002,5000,4305,22.954,50,BFS-coordinated-VNE,5
746,10,5031,5002,5001,4354,44.431,50,BFS-coordinated-VNE,5
747,10,5031,5002,5001,4361,44.431,50,BFS-coordinated-VNE,5
748,10,5031,5002,5001,4407,44.431,50,BFS-coordinated-VNE,5
749,10,5032,5003,5002,4353,37.838,50,BFS-coordinated-VNE,5
750,10,5033,5004,4996,4311,45.1,50,BFS-coordinated-VNE,5
751,10,5034,5004,4997,4311,22.595,50,BFS-coordinated-VNE,5
752,10,5034,5004,4997,4359,22.595,50,BFS-coordinated-VNE,5
753,10,5035,5004,4998,4264,44.495,50,BFS-coordinated-VNE,5
754,10,5035,5004,4998,4259,44.495,50,BFS-coordinated-VNE,5
755,10,5036,5004,5000,4264,36.248,50,BFS-coordinated-VNE,5
